{"cameraMode":{"drawMode":0,"name":"Shaded","section":"Shading Mode"},"sceneLighting":true,"audioPlay":false,"sceneViewState":{"showFog":true,"showMaterialUpdate":false,"showSkybox":true,"showFlares":true,"showImageEffects":true,"showParticleSystems":true},"in2DMode":false,"pivot":{"x":219.4447021484375,"y":138.9864501953125,"z":-85.27821350097656},"rotation":{"x":0.04386032745242119,"y":-0.41793182492256167,"z":0.020205819979310037,"w":0.9071944952011108},"size":69.33547973632813,"orthographic":false}