{"cameraMode":{"drawMode":0,"name":"Shaded","section":"Shading Mode"},"sceneLighting":true,"audioPlay":false,"sceneViewState":{"showFog":true,"showMaterialUpdate":false,"showSkybox":true,"showFlares":true,"showImageEffects":true,"showParticleSystems":true},"in2DMode":false,"pivot":{"x":-12.58504867553711,"y":2.0950965881347658,"z":3.1057028770446779},"rotation":{"x":-0.0816686749458313,"y":0.6391004323959351,"z":-0.06852220743894577,"w":-0.7617027163505554},"size":11.976226806640625,"orthographic":false}